,Unnamed: 1,Unnamed: 2
0,,
1,abandon,-2.0
2,abandoned,-2.0
3,abandons,-2.0
4,abducted,-2.0
5,abduction,-2.0
6,abductions,-2.0
7,abhor,-3.0
8,abhorred,-3.0
9,abhorrent,-3.0
10,abhors,-3.0
11,abilities,2.0
12,ability,2.0
13,aboard,1.0
14,aborted,-1.0
15,aborts,-1.0
16,absentee,-1.0
17,absentees,-1.0
18,absolve,2.0
19,absolved,2.0
20,absolves,2.0
21,absolving,2.0
22,absorbed,1.0
23,abuse,-3.0
24,abused,-3.0
25,abuses,-3.0
26,abusing,-3.0
27,abusive,-3.0
28,accept,1.0
29,acceptable,1.0
30,acceptance,1.0
31,accepted,1.0
32,accepting,1.0
33,accepts,1.0
34,accessible,1.0
35,accident,-2.0
36,accidental,-2.0
37,accidentally,-2.0
38,accidents,-2.0
39,acclaim,2.0
40,acclaimed,2.0
41,accolade,2.0
42,accomplish,2.0
43,accomplished,2.0
44,accomplishes,2.0
45,accomplishment,2.0
46,accomplishments,2.0
47,accusation,-2.0
48,accusations,-2.0
49,accuse,-2.0
50,accused,-2.0
51,accuses,-2.0
52,accusing,-2.0
53,ache,-2.0
54,achievable,1.0
55,aching,-2.0
56,acquit,2.0
57,acquits,2.0
58,acquitted,2.0
59,acquitting,2.0
60,acrimonious,-3.0
61,active,1.0
62,adequate,1.0
63,admire,3.0
64,admired,3.0
65,admires,3.0
66,admiring,3.0
67,admit,-1.0
68,admits,-1.0
69,admitted,-1.0
70,admonish,-2.0
71,admonished,-2.0
72,adopt,1.0
73,adopts,1.0
74,adorable,3.0
75,adoration,3.0
76,adore,3.0
77,adored,3.0
78,adores,3.0
79,adoring,3.0
80,adoringly,3.0
81,advanced,1.0
82,advantage,2.0
83,advantageous,2.0
84,advantageously,2.0
85,advantages,2.0
86,adventure,2.0
87,adventures,2.0
88,adventurous,2.0
89,adversary,-1.0
90,advisable,1.0
91,affected,-1.0
92,affection,3.0
93,affectionate,3.0
94,affectionateness,3.0
95,afflicted,-1.0
96,affordable,2.0
97,affronted,-1.0
98,aficionados,2.0
99,afraid,-2.0
100,aggravate,-2.0
101,aggravated,-2.0
102,aggravates,-2.0
103,aggravating,-2.0
104,aggression,-2.0
105,aggressions,-2.0
106,aggressive,-2.0
107,aggressiveness,-2.0
108,aghast,-2.0
109,agog,2.0
110,agonise,-3.0
111,agonised,-3.0
112,agonises,-3.0
113,agonising,-3.0
114,agonize,-3.0
115,agonized,-3.0
116,agonizes,-3.0
117,agonizing,-3.0
118,agree,1.0
119,agreeable,2.0
120,agreed,1.0
121,agreement,1.0
122,agrees,1.0
123,alarm,-2.0
124,alarmed,-2.0
125,alarmist,-2.0
126,alarmists,-2.0
127,alas,-1.0
128,alert,-1.0
129,alienation,-2.0
130,alive,1.0
131,allegation,-2.0
132,allegations,-2.0
133,allergic,-2.0
134,allow,1.0
135,ally,2.0
136,alone,-2.0
137,altruistic,2.0
138,amaze,2.0
139,amazed,2.0
140,amazes,2.0
141,amazing,4.0
142,ambitious,2.0
143,ambivalent,-1.0
144,amicable,2.0
145,amuse,3.0
146,amused,3.0
147,amusement,3.0
148,amusements,3.0
149,anger,-3.0
150,angered,-3.0
151,angers,-3.0
152,angry,-3.0
153,anguish,-3.0
154,anguished,-3.0
155,animosity,-2.0
156,annoy,-2.0
157,annoyance,-2.0
158,annoyed,-2.0
159,annoying,-2.0
160,annoys,-2.0
161,antagonistic,-2.0
162,anti,-1.0
163,anticipation,1.0
164,anxiety,-2.0
165,anxious,-2.0
166,apathetic,-3.0
167,apathy,-3.0
168,apeshit,-3.0
169,apocalyptic,-2.0
170,apologise,-1.0
171,apologised,-1.0
172,apologises,-1.0
173,apologising,-1.0
174,apologize,-1.0
175,apologized,-1.0
176,apologizes,-1.0
177,apologizing,-1.0
178,apology,-1.0
179,appalled,-2.0
180,appalling,-2.0
181,appealing,2.0
182,appease,2.0
183,appeased,2.0
184,appeases,2.0
185,appeasing,2.0
186,applaud,2.0
187,applauded,2.0
188,applauding,2.0
189,applauds,2.0
190,applause,2.0
191,appreciate,2.0
192,appreciated,2.0
193,appreciates,2.0
194,appreciating,2.0
195,appreciation,2.0
196,apprehensive,-2.0
197,appropriate,2.0
198,appropriately,2.0
199,approval,2.0
200,approved,2.0
201,approves,2.0
202,ardent,1.0
203,arrest,-2.0
204,arrested,-3.0
205,arrests,-2.0
206,arrogant,-2.0
207,arsehole,-4.0
208,ashame,-2.0
209,ashamed,-2.0
210,ass,-4.0
211,assassination,-3.0
212,assassinations,-3.0
213,assault,-2.0
214,assaults,-2.0
215,asset,2.0
216,assets,2.0
217,assfucking,-4.0
218,asshole,-4.0
219,astonished,2.0
220,astound,3.0
221,astounded,3.0
222,astounding,3.0
223,astoundingly,3.0
224,astounds,3.0
225,atrocious,-3.0
226,atrocity,-3.0
227,attack,-1.0
228,attacked,-1.0
229,attacking,-1.0
230,attacks,-1.0
231,attract,1.0
232,attracted,1.0
233,attracting,2.0
234,attraction,2.0
235,attractions,2.0
236,attractive,2.0
237,attractively,2.0
238,attractiveness,2.0
239,attracts,1.0
240,audacious,3.0
241,aura,1.0
242,authority,1.0
243,avenge,-2.0
244,avenged,-2.0
245,avenger,-2.0
246,avengers,-2.0
247,avenges,-2.0
248,avenging,-2.0
249,avert,-1.0
250,averted,-1.0
251,averts,-1.0
252,avid,2.0
253,avoid,-1.0
254,avoided,-1.0
255,avoids,-1.0
256,await,-1.0
257,awaited,-1.0
258,awaits,-1.0
259,award,3.0
260,awarded,3.0
261,awards,3.0
262,awesome,4.0
263,awful,-3.0
264,awkward,-2.0
265,axe,-1.0
266,axed,-1.0
267,backed,1.0
268,backing,2.0
269,backs,1.0
270,bad,-3.0
271,bad luck,-2.0
272,badass,-3.0
273,badly,-3.0
274,badness,-3.0
275,bailout,-2.0
276,balanced,1.0
277,bamboozle,-2.0
278,bamboozled,-2.0
279,bamboozles,-2.0
280,ban,-2.0
281,banish,-1.0
282,bankrupt,-3.0
283,bankruptcy,-3.0
284,bankster,-3.0
285,banned,-2.0
286,barbarian,-2.0
287,barbaric,-2.0
288,barbarous,-2.0
289,bargain,2.0
290,barrier,-2.0
291,bastard,-5.0
292,bastards,-5.0
293,battle,-1.0
294,battled,-1.0
295,battles,-1.0
296,battling,-2.0
297,beaten,-2.0
298,beatific,3.0
299,beating,-1.0
300,beauties,3.0
301,beautiful,3.0
302,beautifully,3.0
303,beautify,3.0
304,beauty,3.0
305,befit,2.0
306,befitting,2.0
307,belittle,-2.0
308,belittled,-2.0
309,beloved,3.0
310,benefactor,2.0
311,benefactors,2.0
312,benefit,2.0
313,benefits,2.0
314,benefitted,2.0
315,benefitting,2.0
316,benevolent,3.0
317,bereave,-2.0
318,bereaved,-2.0
319,bereaves,-2.0
320,bereaving,-2.0
321,best,3.0
322,best damn,4.0
323,betray,-3.0
324,betrayal,-3.0
325,betrayed,-3.0
326,betraying,-3.0
327,betrays,-3.0
328,better,2.0
329,bias,-1.0
330,biased,-2.0
331,big,1.0
332,bitch,-5.0
333,bitches,-5.0
334,bitter,-2.0
335,bitterest,-2.0
336,bitterly,-2.0
337,bizarre,-2.0
338,blackmail,-3.0
339,blackmailed,-3.0
340,blackmailing,-3.0
341,blackmails,-3.0
342,blah,-2.0
343,blame,-2.0
344,blamed,-2.0
345,blames,-2.0
346,blaming,-2.0
347,bless,2.0
348,blesses,2.0
349,blessing,3.0
350,blessings,3.0
351,blind,-1.0
352,bliss,3.0
353,blissful,3.0
354,blithe,2.0
355,bloated,-1.0
356,block,-1.0
357,blockade,-2.0
358,blockbuster,3.0
359,blocked,-1.0
360,blocking,-1.0
361,blocks,-1.0
362,bloody,-3.0
363,blurry,-2.0
364,boastful,-2.0
365,bold,2.0
366,boldly,2.0
367,bomb,-1.0
368,boost,1.0
369,boosted,1.0
370,boosting,1.0
371,boosts,1.0
372,bore,-2.0
373,bored,-2.0
374,boring,-3.0
375,bother,-2.0
376,bothered,-2.0
377,bothers,-2.0
378,bothersome,-2.0
379,boycott,-2.0
380,boycotted,-2.0
381,boycotting,-2.0
382,boycotts,-2.0
383,brainwashing,-3.0
384,brave,2.0
385,braveness,2.0
386,bravery,2.0
387,bravura,3.0
388,breach,-2.0
389,breached,-2.0
390,breaches,-2.0
391,breaching,-2.0
392,breakthrough,3.0
393,breathtaking,5.0
394,bribe,-3.0
395,bribed,-3.0
396,bribes,-3.0
397,bribing,-3.0
398,bright,1.0
399,brightest,2.0
400,brightness,1.0
401,brilliant,4.0
402,brilliance,3.0
403,brilliances,3.0
404,brisk,2.0
405,broke,-1.0
406,broken,-1.0
407,brooding,-2.0
408,brutal,-3.0
409,brutally,-3.0
410,bullied,-2.0
411,bullshit,-4.0
412,bully,-2.0
413,bullying,-2.0
414,bummer,-2.0
415,buoyant,2.0
416,burden,-2.0
417,burdened,-2.0
418,burdening,-2.0
419,burdens,-2.0
420,burglar,-2.0
421,burglary,-2.0
422,calm,2.0
423,calmed,2.0
424,calming,2.0
425,calms,2.0
426,can't stand,-3.0
427,cancel,-1.0
428,cancelled,-1.0
429,cancelling,-1.0
430,cancels,-1.0
431,cancer,-1.0
432,capabilities,1.0
433,capability,1.0
434,capable,1.0
435,captivated,3.0
436,care,2.0
437,carefree,1.0
438,careful,2.0
439,carefully,2.0
440,carefulness,2.0
441,careless,-2.0
442,cares,2.0
443,caring,2.0
444,cashing in,-2.0
445,casualty,-2.0
446,catastrophe,-3.0
447,catastrophic,-4.0
448,cautious,-1.0
449,celebrate,3.0
450,celebrated,3.0
451,celebrates,3.0
452,celebrating,3.0
453,celebration,3.0
454,celebrations,3.0
455,censor,-2.0
456,censored,-2.0
457,censors,-2.0
458,certain,1.0
459,chagrin,-2.0
460,chagrined,-2.0
461,challenge,-1.0
462,champion,2.0
463,championed,2.0
464,champions,2.0
465,chance,2.0
466,chances,2.0
467,chaos,-2.0
468,chaotic,-2.0
469,charged,-3.0
470,charges,-2.0
471,charisma,2.0
472,charitable,2.0
473,charm,3.0
474,charming,3.0
475,charmingly,3.0
476,charmless,-3.0
477,chastise,-3.0
478,chastised,-3.0
479,chastises,-3.0
480,chastising,-3.0
481,cheat,-3.0
482,cheated,-3.0
483,cheater,-3.0
484,cheaters,-3.0
485,cheating,-3.0
486,cheats,-3.0
487,cheer,2.0
488,cheered,2.0
489,cheerful,2.0
490,cheerfully,2.0
491,cheering,2.0
492,cheerless,-2.0
493,cheers,2.0
494,cheery,3.0
495,cherish,2.0
496,cherished,2.0
497,cherishes,2.0
498,cherishing,2.0
499,chic,2.0
500,chide,-3.0
501,chided,-3.0
502,chides,-3.0
503,chiding,-3.0
504,childish,-2.0
505,chilling,-1.0
506,choke,-2.0
507,choked,-2.0
508,chokes,-2.0
509,choking,-2.0
510,clarifies,2.0
511,clarity,2.0
512,clash,-2.0
513,classy,3.0
514,clean,2.0
515,cleaner,2.0
516,clear,1.0
517,cleared,1.0
518,clearly,1.0
519,clears,1.0
520,clever,2.0
521,clouded,-1.0
522,clueless,-2.0
523,cock,-5.0
524,cocksucker,-5.0
525,cocksuckers,-5.0
526,cocky,-2.0
527,coerced,-2.0
528,coercion,-2.0
529,collapse,-2.0
530,collapsed,-2.0
531,collapses,-2.0
532,collapsing,-2.0
533,collide,-1.0
534,collides,-1.0
535,colliding,-1.0
536,collision,-2.0
537,collisions,-2.0
538,colluding,-3.0
539,combat,-1.0
540,combats,-1.0
541,comedy,1.0
542,comfort,2.0
543,comfortable,2.0
544,comfortably,2.0
545,comforting,2.0
546,comforts,2.0
547,comic,1.0
548,commend,2.0
549,commended,2.0
550,commit,1.0
551,commitment,2.0
552,commits,1.0
553,committed,1.0
554,committing,1.0
555,compassion,2.0
556,compassionate,2.0
557,compelled,1.0
558,competencies,1.0
559,competent,2.0
560,competitive,2.0
561,complacent,-2.0
562,complain,-2.0
563,complained,-2.0
564,complaining,-2.0
565,complains,-2.0
566,complaint,-2.0
567,complaints,-2.0
568,complicating,-2.0
569,compliment,2.0
570,complimented,2.0
571,compliments,2.0
572,comprehensive,2.0
573,concerned,-2.0
574,conciliate,2.0
575,conciliated,2.0
576,conciliates,2.0
577,conciliating,2.0
578,condemn,-2.0
579,condemnation,-2.0
580,condemned,-2.0
581,condemns,-2.0
582,confidence,2.0
583,confident,2.0
584,confidently,2.0
585,conflict,-2.0
586,conflicting,-2.0
587,conflictive,-2.0
588,conflicts,-2.0
589,confuse,-2.0
590,confused,-2.0
591,confusing,-2.0
592,congrats,2.0
593,congratulate,2.0
594,congratulation,2.0
595,congratulations,2.0
596,consent,2.0
597,consents,2.0
598,consolable,2.0
599,conspiracy,-3.0
600,constipation,-2.0
601,constrained,-2.0
602,contagion,-2.0
603,contagions,-2.0
604,contagious,-1.0
605,contaminant,-2.0
606,contaminants,-2.0
607,contaminate,-2.0
608,contaminated,-2.0
609,contaminates,-2.0
610,contaminating,-2.0
611,contamination,-2.0
612,contaminations,-2.0
613,contempt,-2.0
614,contemptible,-2.0
615,contemptuous,-2.0
616,contemptuously,-2.0
617,contend,-1.0
618,contender,-1.0
619,contending,-1.0
620,contentious,-2.0
621,contestable,-2.0
622,controversial,-2.0
623,controversially,-2.0
624,controversies,-2.0
625,controversy,-2.0
626,convicted,-2.0
627,convince,1.0
628,convinced,1.0
629,convinces,1.0
630,convivial,2.0
631,cool,1.0
632,cool stuff,3.0
633,cornered,-2.0
634,corpse,-1.0
635,corrupt,-3.0
636,corrupted,-3.0
637,corrupting,-3.0
638,corruption,-3.0
639,corrupts,-3.0
640,costly,-2.0
641,courage,2.0
642,courageous,2.0
643,courageously,2.0
644,courageousness,2.0
645,courteous,2.0
646,courtesy,2.0
647,cover-up,-3.0
648,coward,-2.0
649,cowardly,-2.0
650,coziness,2.0
651,cramp,-1.0
652,crap,-3.0
653,crappy,-3.0
654,crash,-2.0
655,crazier,-2.0
656,craziest,-2.0
657,crazy,-2.0
658,creative,2.0
659,crestfallen,-2.0
660,cried,-2.0
661,cries,-2.0
662,crime,-3.0
663,crimes,-3.0
664,criminal,-3.0
665,criminals,-3.0
666,criminate,-3.0
667,criminated,-3.0
668,criminates,-3.0
669,crisis,-3.0
670,critic,-2.0
671,criticise,-2.0
672,criticised,-2.0
673,criticises,-2.0
674,criticising,-2.0
675,criticism,-2.0
676,criticize,-2.0
677,criticized,-2.0
678,criticizes,-2.0
679,criticizing,-2.0
680,critics,-2.0
681,critique,-2.0
682,crowding,-1.0
683,crude,-1.0
684,cruel,-3.0
685,cruelty,-3.0
686,crush,-1.0
687,crushed,-2.0
688,crushes,-1.0
689,crushing,-1.0
690,cry,-1.0
691,crying,-2.0
692,cunning,2.0
693,cunt,-5.0
694,curious,1.0
695,curse,-1.0
696,cut,-1.0
697,cutback,-2.0
698,cutbacks,-2.0
699,cute,2.0
700,cuts,-1.0
701,cutting,-1.0
702,cynic,-2.0
703,cynical,-2.0
704,cynicism,-2.0
705,damage,-3.0
706,damaged,-3.0
707,damages,-3.0
708,damaging,-3.0
709,damn,-2.0
710,damn cute,3.0
711,damn good,4.0
712,damned,-4.0
713,damnit,-4.0
714,danger,-2.0
715,dangerous,-2.0
716,dangerously,-2.0
717,daredevil,2.0
718,daring,2.0
719,darkest,-2.0
720,darkness,-1.0
721,dauntless,2.0
722,dazzling,3.0
723,dead,-3.0
724,deadening,-2.0
725,deadlock,-2.0
726,deadly,-3.0
727,deafening,-1.0
728,dear,2.0
729,dearly,3.0
730,death,-2.0
731,deaths,-2.0
732,debonair,2.0
733,debt,-2.0
734,deceit,-3.0
735,deceitful,-3.0
736,deceive,-3.0
737,deceived,-3.0
738,deceives,-3.0
739,deceiving,-3.0
740,deception,-3.0
741,deceptive,-3.0
742,decisive,1.0
743,dedicated,2.0
744,dedication,2.0
745,defeat,-2.0
746,defeated,-2.0
747,defect,-3.0
748,defective,-3.0
749,defects,-3.0
750,defender,2.0
751,defenders,2.0
752,defenseless,-2.0
753,defer,-1.0
754,deferring,-1.0
755,defiant,-1.0
756,deficient,-2.0
757,deficiency,-2.0
758,deficiencies,-2.0
759,deficit,-2.0
760,deformed,-2.0
761,deformities,-2.0
762,deformity,-2.0
763,defraud,-3.0
764,defrauds,-3.0
765,deft,2.0
766,defunct,-2.0
767,degrade,-2.0
768,degraded,-2.0
769,degrades,-2.0
770,dehumanize,-2.0
771,dehumanized,-2.0
772,dehumanizes,-2.0
773,dehumanizing,-2.0
774,deject,-2.0
775,dejected,-2.0
776,dejecting,-2.0
777,dejects,-2.0
778,delay,-1.0
779,delayed,-1.0
780,delectable,3.0
781,delicious,3.0
782,delight,3.0
783,delighted,3.0
784,delightful,3.0
785,delightfully,3.0
786,delighting,3.0
787,delights,3.0
788,demand,-1.0
789,demanded,-1.0
790,demanding,-1.0
791,demands,-1.0
792,demonstration,-1.0
793,demoralize,-2.0
794,demoralized,-2.0
795,demoralizes,-2.0
796,demoralizing,-2.0
797,denial,-2.0
798,denials,-2.0
799,denied,-2.0
800,denier,-2.0
801,deniers,-2.0
802,denies,-2.0
803,denounce,-2.0
804,denounces,-2.0
805,dent,-2.0
806,deny,-2.0
807,denying,-2.0
808,deplore,-3.0
809,deplored,-3.0
810,deplores,-3.0
811,deploring,-3.0
812,deport,-2.0
813,deported,-2.0
814,deporting,-2.0
815,deports,-2.0
816,deportation,-2.0
817,deportations,-2.0
818,depressed,-2.0
819,depressing,-2.0
820,deprivation,-3.0
821,derail,-2.0
822,derailed,-2.0
823,derails,-2.0
824,derelict,-2.0
825,deride,-2.0
826,derided,-2.0
827,derides,-2.0
828,deriding,-2.0
829,derision,-2.0
830,desirable,2.0
831,desire,1.0
832,desired,2.0
833,desirous,2.0
834,despair,-3.0
835,despairing,-3.0
836,despairs,-3.0
837,desperate,-3.0
838,desperately,-3.0
839,despondent,-3.0
840,destroy,-3.0
841,destroyed,-3.0
842,destroying,-3.0
843,destroys,-3.0
844,destruction,-3.0
845,destructive,-3.0
846,detached,-1.0
847,detain,-2.0
848,detained,-2.0
849,detention,-2.0
850,deteriorate,-2.0
851,deteriorated,-2.0
852,deteriorates,-2.0
853,deteriorating,-2.0
854,determined,2.0
855,deterrent,-2.0
856,detract,-1.0
857,detracted,-1.0
858,detracts,-1.0
859,devastate,-2.0
860,devastated,-2.0
861,devastating,-2.0
862,devastation,-2.0
863,devastations,-2.0
864,devoted,3.0
865,devotion,2.0
866,devotional,2.0
867,diamond,1.0
868,dick,-4.0
869,dickhead,-4.0
870,die,-3.0
871,died,-3.0
872,difficult,-1.0
873,diffident,-2.0
874,dignity,2.0
875,dilemma,-1.0
876,dilligence,2.0
877,dipshit,-3.0
878,dire,-3.0
879,direful,-3.0
880,dirt,-2.0
881,dirtier,-2.0
882,dirtiest,-2.0
883,dirty,-2.0
884,disabilities,-2.0
885,disability,-2.0
886,disabling,-1.0
887,disadvantage,-2.0
888,disadvantaged,-2.0
889,disagree,-2.0
890,disagreeable,-2.0
891,disagreement,-2.0
892,disappear,-1.0
893,disappeared,-1.0
894,disappears,-1.0
895,disappoint,-2.0
896,disappointed,-2.0
897,disappointing,-2.0
898,disappointment,-2.0
899,disappointments,-2.0
900,disappoints,-2.0
901,disapproval,-2.0
902,disapprovals,-2.0
903,disapprove,-2.0
904,disapproved,-2.0
905,disapproves,-2.0
906,disapproving,-2.0
907,disaster,-2.0
908,disasters,-2.0
909,disastrous,-3.0
910,disbelieve,-2.0
911,discard,-1.0
912,discarded,-1.0
913,discarding,-1.0
914,discards,-1.0
915,discernment,2.0
916,discomfort,-2.0
917,disconsolate,-2.0
918,disconsolation,-2.0
919,discontented,-2.0
920,discord,-2.0
921,discounted,-1.0
922,discouraged,-2.0
923,discredited,-2.0
924,discriminate,-2.0
925,discriminated,-2.0
926,discriminates,-2.0
927,discriminating,-2.0
928,discriminatory,-2.0
929,disdain,-2.0
930,disease,-1.0
931,diseases,-1.0
932,disgrace,-2.0
933,disgraced,-2.0
934,disguise,-1.0
935,disguised,-1.0
936,disguises,-1.0
937,disguising,-1.0
938,disgust,-3.0
939,disgusted,-3.0
940,disgustful,-3.0
941,disgusting,-3.0
942,disheartened,-2.0
943,dishonest,-2.0
944,disillusioned,-2.0
945,disinclined,-2.0
946,disjointed,-2.0
947,dislike,-2.0
948,disliked,-2.0
949,dislikes,-2.0
950,dismal,-2.0
951,dismayed,-2.0
952,dismissed,-2.0
953,disorder,-2.0
954,disorders,-2.0
955,disorganized,-2.0
956,disoriented,-2.0
957,disparage,-2.0
958,disparaged,-2.0
959,disparages,-2.0
960,disparaging,-2.0
961,displeased,-2.0
962,displeasure,-2.0
963,disproportionate,-2.0
964,dispute,-2.0
965,disputed,-2.0
966,disputes,-2.0
967,disputing,-2.0
968,disqualified,-2.0
969,disquiet,-2.0
970,disregard,-2.0
971,disregarded,-2.0
972,disregarding,-2.0
973,disregards,-2.0
974,disrespect,-2.0
975,disrespected,-2.0
976,disrupt,-2.0
977,disrupted,-2.0
978,disrupting,-2.0
979,disruption,-2.0
980,disruptions,-2.0
981,disruptive,-2.0
982,disrupts,-2.0
983,dissatisfied,-2.0
984,distasteful,-2.0
985,distinguished,2.0
986,distort,-2.0
987,distorted,-2.0
988,distorting,-2.0
989,distorts,-2.0
990,distract,-2.0
991,distracted,-2.0
992,distraction,-2.0
993,distracts,-2.0
994,distress,-2.0
995,distressed,-2.0
996,distresses,-2.0
997,distressing,-2.0
998,distrust,-3.0
999,distrustful,-3.0
1000,disturb,-2.0
1001,disturbed,-2.0
1002,disturbing,-2.0
1003,disturbs,-2.0
1004,dithering,-2.0
1005,diverting,-1.0
1006,dizzy,-1.0
1007,dodging,-2.0
1008,dodgy,-2.0
1009,does not work,-3.0
1010,dolorous,-2.0
1011,donate,2.0
1012,donated,2.0
1013,donates,2.0
1014,donating,2.0
1015,donation,2.0
1016,dont like,-2.0
1017,doom,-2.0
1018,doomed,-2.0
1019,doubt,-1.0
1020,doubted,-1.0
1021,doubtful,-1.0
1022,doubting,-1.0
1023,doubts,-1.0
1024,douche,-3.0
1025,douchebag,-3.0
1026,dour,-2.0
1027,downcast,-2.0
1028,downer,-2.0
1029,downhearted,-2.0
1030,downside,-2.0
1031,drag,-1.0
1032,dragged,-1.0
1033,drags,-1.0
1034,drained,-2.0
1035,dread,-2.0
1036,dreaded,-2.0
1037,dreadful,-3.0
1038,dreading,-2.0
1039,dream,1.0
1040,dreams,1.0
1041,dreary,-2.0
1042,droopy,-2.0
1043,drop,-1.0
1044,dropped,-1.0
1045,drown,-2.0
1046,drowned,-2.0
1047,drowns,-2.0
1048,drudgery,-2.0
1049,drunk,-2.0
1050,dubious,-2.0
1051,dud,-2.0
1052,dull,-2.0
1053,dumb,-3.0
1054,dumbass,-3.0
1055,dump,-1.0
1056,dumped,-2.0
1057,dumps,-1.0
1058,dupe,-2.0
1059,duped,-2.0
1060,dupery,-2.0
1061,durable,2.0
1062,dying,-3.0
1063,dysfunction,-2.0
1064,eager,2.0
1065,earnest,2.0
1066,ease,2.0
1067,easy,1.0
1068,ecstatic,4.0
1069,eerie,-2.0
1070,eery,-2.0
1071,effective,2.0
1072,effectively,2.0
1073,effectiveness,2.0
1074,effortlessly,2.0
1075,elated,3.0
1076,elation,3.0
1077,elegant,2.0
1078,elegantly,2.0
1079,embarrass,-2.0
1080,embarrassed,-2.0
1081,embarrasses,-2.0
1082,embarrassing,-2.0
1083,embarrassment,-2.0
1084,embezzlement,-3.0
1085,embittered,-2.0
1086,embrace,1.0
1087,emergency,-2.0
1088,empathetic,2.0
1089,empower,2.0
1090,empowerment,2.0
1091,emptiness,-1.0
1092,empty,-1.0
1093,enchanted,2.0
1094,encourage,2.0
1095,encouraged,2.0
1096,encouragement,2.0
1097,encourages,2.0
1098,encouraging,2.0
1099,endorse,2.0
1100,endorsed,2.0
1101,endorsement,2.0
1102,endorses,2.0
1103,enemies,-2.0
1104,enemy,-2.0
1105,energetic,2.0
1106,engage,1.0
1107,engages,1.0
1108,engrossed,1.0
1109,engrossing,3.0
1110,enjoy,2.0
1111,enjoyable,2.0
1112,enjoyed,2.0
1113,enjoying,2.0
1114,enjoys,2.0
1115,enlighten,2.0
1116,enlightened,2.0
1117,enlightening,2.0
1118,enlightens,2.0
1119,ennui,-2.0
1120,enrage,-2.0
1121,enraged,-2.0
1122,enrages,-2.0
1123,enraging,-2.0
1124,enrapture,3.0
1125,enslave,-2.0
1126,enslaved,-2.0
1127,enslaves,-2.0
1128,ensure,1.0
1129,ensuring,1.0
1130,enterprising,1.0
1131,entertaining,2.0
1132,enthral,3.0
1133,enthusiastic,3.0
1134,entitled,1.0
1135,entrusted,2.0
1136,envies,-1.0
1137,envious,-2.0
1138,environment-friendly,2.0
1139,envy,-1.0
1140,envying,-1.0
1141,erroneous,-2.0
1142,error,-2.0
1143,errors,-2.0
1144,escape,-1.0
1145,escapes,-1.0
1146,escaping,-1.0
1147,esteem,2.0
1148,esteemed,2.0
1149,ethical,2.0
1150,euphoria,3.0
1151,euphoric,4.0
1152,evacuate,-1.0
1153,evacuated,-1.0
1154,evacuates,-1.0
1155,evacuating,-1.0
1156,evacuation,-1.0
1157,evergreen,2.0
1158,evergreens,2.0
1159,evergreening,-3.0
1160,eviction,-1.0
1161,evil,-3.0
1162,exacerbate,-2.0
1163,exacerbated,-2.0
1164,exacerbates,-2.0
1165,exacerbating,-2.0
1166,exaggerate,-2.0
1167,exaggerated,-2.0
1168,exaggerates,-2.0
1169,exaggerating,-2.0
1170,exasparate,-2.0
1171,exasperated,-2.0
1172,exasperates,-2.0
1173,exasperating,-2.0
1174,excellence,3.0
1175,excellent,3.0
1176,excite,3.0
1177,excited,3.0
1178,excitement,3.0
1179,exciting,3.0
1180,exclude,-1.0
1181,excluded,-2.0
1182,exclusion,-1.0
1183,exclusive,2.0
1184,excruciatingly,-1.0
1185,excuse,-1.0
1186,exempt,-1.0
1187,exhausted,-2.0
1188,exhilarated,3.0
1189,exhilarates,3.0
1190,exhilarating,3.0
1191,exonerate,2.0
1192,exonerated,2.0
1193,exonerates,2.0
1194,exonerating,2.0
1195,expand,1.0
1196,expands,1.0
1197,expel,-2.0
1198,expelled,-2.0
1199,expelling,-2.0
1200,expels,-2.0
1201,expertly,2.0
1202,exploit,-2.0
1203,exploited,-2.0
1204,exploiting,-2.0
1205,exploits,-2.0
1206,exploration,1.0
1207,explorations,1.0
1208,expose,-1.0
1209,exposed,-1.0
1210,exposes,-1.0
1211,exposing,-1.0
1212,exquisite,3.0
1213,extend,1.0
1214,extends,1.0
1215,extremist,-2.0
1216,extremists,-2.0
1217,exuberant,4.0
1218,exultant,3.0
1219,exultantly,3.0
1220,fabulous,4.0
1221,fabulously,4.0
1222,fad,-2.0
1223,fag,-3.0
1224,faggot,-3.0
1225,faggots,-3.0
1226,fail,-2.0
1227,failed,-2.0
1228,failing,-2.0
1229,fails,-2.0
1230,failure,-2.0
1231,failures,-2.0
1232,fainthearted,-2.0
1233,fair,2.0
1234,fairness,2.0
1235,faith,1.0
1236,faithful,3.0
1237,fake,-3.0
1238,faker,-3.0
1239,fakes,-3.0
1240,faking,-3.0
1241,fallen,-2.0
1242,falling,-1.0
1243,false,-1.0
1244,falsely,-2.0
1245,falsified,-3.0
1246,falsify,-3.0
1247,fame,1.0
1248,famine,-2.0
1249,famous,2.0
1250,fan,3.0
1251,fantastic,4.0
1252,farce,-1.0
1253,fascinate,3.0
1254,fascinated,3.0
1255,fascinates,3.0
1256,fascinating,3.0
1257,fascination,3.0
1258,fascist,-2.0
1259,fascists,-2.0
1260,fatal,-3.0
1261,fatalities,-3.0
1262,fatality,-3.0
1263,fatigue,-2.0
1264,fatigued,-2.0
1265,fatigues,-2.0
1266,fatiguing,-2.0
1267,favor,2.0
1268,favorable,2.0
1269,favorably,2.0
1270,favored,2.0
1271,favorite,2.0
1272,favorited,2.0
1273,favorites,2.0
1274,favors,2.0
1275,favour,2.0
1276,favourable,2.0
1277,favourably,2.0
1278,favoured,2.0
1279,favourite,2.0
1280,favourited,2.0
1281,favourites,2.0
1282,favours,2.0
1283,fear,-2.0
1284,fearful,-2.0
1285,fearfully,-2.0
1286,fearing,-2.0
1287,fearless,2.0
1288,fearlessness,2.0
1289,fearsome,-2.0
1290,fed up,-3.0
1291,feeble,-2.0
1292,feeling,1.0
1293,felonies,-3.0
1294,felony,-3.0
1295,fertile,2.0
1296,fervent,2.0
1297,fervid,2.0
1298,festive,2.0
1299,fever,-2.0
1300,fiasco,-3.0
1301,fidgety,-2.0
1302,fight,-1.0
1303,fighting,-2.0
1304,fine,2.0
1305,fines,-2.0
1306,finest,3.0
1307,fire,-2.0
1308,fired,-2.0
1309,firing,-2.0
1310,fit,1.0
1311,fitness,1.0
1312,filth,-2.0
1313,filthy,-2.0
1314,flagship,2.0
1315,flaw,-2.0
1316,flawed,-3.0
1317,flawless,2.0
1318,flawlessly,2.0
1319,flaws,-2.0
1320,flees,-1.0
1321,flop,-2.0
1322,flops,-2.0
1323,flu,-2.0
1324,flustered,-2.0
1325,focused,2.0
1326,fond,2.0
1327,fondness,2.0
1328,fool,-2.0
1329,foolish,-2.0
1330,fools,-2.0
1331,forbid,-1.0
1332,forbidden,-2.0
1333,forbidding,-2.0
1334,forced,-1.0
1335,foreclosure,-2.0
1336,foreclosures,-2.0
1337,forefront,1.0
1338,forget,-1.0
1339,forgetful,-2.0
1340,forgettable,-1.0
1341,forgive,1.0
1342,forgiving,1.0
1343,forgot,-1.0
1344,forgotten,-1.0
1345,fortune,2.0
1346,fortunate,2.0
1347,fortunately,2.0
1348,foul,-3.0
1349,frantic,-1.0
1350,fraud,-4.0
1351,frauds,-4.0
1352,fraudster,-4.0
1353,fraudsters,-4.0
1354,fraudulence,-4.0
1355,fraudulent,-4.0
1356,freak,-2.0
1357,free,1.0
1358,freedom,2.0
1359,freedoms,2.0
1360,frenzy,-3.0
1361,fresh,1.0
1362,friend,1.0
1363,friendliness,2.0
1364,friendly,2.0
1365,friendship,2.0
1366,fright,-2.0
1367,frightened,-2.0
1368,frightening,-3.0
1369,frikin,-2.0
1370,frisky,2.0
1371,frowning,-1.0
1372,fruitless,-2.0
1373,frustrate,-2.0
1374,frustrated,-2.0
1375,frustrates,-2.0
1376,frustrating,-2.0
1377,frustration,-2.0
1378,ftw,3.0
1379,fuck,-4.0
1380,fucked,-4.0
1381,fucker,-4.0
1382,fuckers,-4.0
1383,fuckface,-4.0
1384,fuckhead,-4.0
1385,fuckin,-4.0
1386,fucking,-4.0
1387,fucking amazing,4.0
1388,fucking beautiful,4.0
1389,fucking cute,4.0
1390,fucking fantastic,4.0
1391,fucking good,4.0
1392,fucking great,4.0
1393,fucking hot,2.0
1394,fucking love,4.0
1395,fucking loves,4.0
1396,fucking perfect,4.0
1397,fucktard,-4.0
1398,fud,-3.0
1399,fuked,-4.0
1400,fuking,-4.0
1401,fulfill,2.0
1402,fulfilled,2.0
1403,fulfillment,2.0
1404,fulfills,2.0
1405,fuming,-2.0
1406,fun,4.0
1407,funeral,-1.0
1408,funerals,-1.0
1409,funky,2.0
1410,funnier,4.0
1411,funny,4.0
1412,furious,-3.0
1413,futile,-2.0
1414,gag,-2.0
1415,gagged,-2.0
1416,gain,2.0
1417,gained,2.0
1418,gaining,2.0
1419,gains,2.0
1420,gallant,3.0
1421,gallantly,3.0
1422,gallantry,3.0
1423,game-changing,3.0
1424,garbage,-1.0
1425,gem,3.0
1426,generous,2.0
1427,generously,2.0
1428,genial,3.0
1429,ghastly,-2.0
1430,ghost,-1.0
1431,giddy,-2.0
1432,gift,2.0
1433,glad,3.0
1434,glamorous,3.0
1435,glamourous,3.0
1436,glee,3.0
1437,gleeful,3.0
1438,gloom,-1.0
1439,gloomy,-2.0
1440,glorious,2.0
1441,glory,2.0
1442,glum,-2.0
1443,god,1.0
1444,goddamn,-3.0
1445,godsend,4.0
1446,gold,2.0
1447,good,3.0
1448,goodlooking,3.0
1449,goodmorning,1.0
1450,goodness,3.0
1451,goodwill,3.0
1452,goofiness,-2.0
1453,goofy,-2.0
1454,grace,1.0
1455,graceful,2.0
1456,gracious,3.0
1457,grand,3.0
1458,grant,1.0
1459,granted,1.0
1460,granting,1.0
1461,grants,1.0
1462,grateful,3.0
1463,gratification,2.0
1464,grave,-2.0
1465,gray,-1.0
1466,grisly,-2.0
1467,gr8,3.0
1468,great,3.0
1469,greater,3.0
1470,greatest,3.0
1471,greed,-3.0
1472,greedy,-2.0
1473,green wash,-3.0
1474,green washing,-3.0
1475,greenwash,-3.0
1476,greenwasher,-3.0
1477,greenwashers,-3.0
1478,greenwashing,-3.0
1479,greet,1.0
1480,greeted,1.0
1481,greeting,1.0
1482,greetings,2.0
1483,greets,1.0
1484,grey,-1.0
1485,grief,-2.0
1486,grieved,-2.0
1487,grim,-2.0
1488,gripping,2.0
1489,groan,-2.0
1490,groaned,-2.0
1491,groaning,-2.0
1492,groans,-2.0
1493,gross,-2.0
1494,growing,1.0
1495,growth,2.0
1496,growths,2.0
1497,gruesome,-3.0
1498,guarantee,1.0
1499,guilt,-3.0
1500,guilty,-3.0
1501,gullibility,-2.0
1502,gullible,-2.0
1503,gun,-1.0
1504,ha,2.0
1505,hacked,-1.0
1506,haha,3.0
1507,hahaha,3.0
1508,hahahah,3.0
1509,hail,2.0
1510,hailed,2.0
1511,hallelujah,3.0
1512,handpicked,1.0
1513,handsome,3.0
1514,hapless,-2.0
1515,haplessness,-2.0
1516,happiest,3.0
1517,happiness,3.0
1518,happy,3.0
1519,harass,-3.0
1520,harassed,-3.0
1521,harasses,-3.0
1522,harassing,-3.0
1523,harassment,-3.0
1524,hard,-1.0
1525,hardier,2.0
1526,hardship,-2.0
1527,hardy,2.0
1528,harm,-2.0
1529,harmed,-2.0
1530,harmful,-2.0
1531,harming,-2.0
1532,harmony,2.0
1533,harmonious,2.0
1534,harmoniously,2.0
1535,harms,-2.0
1536,harried,-2.0
1537,harsh,-2.0
1538,harsher,-2.0
1539,harshest,-2.0
1540,harshly,-2.0
1541,hate,-3.0
1542,hated,-3.0
1543,hater,-3.0
1544,haters,-3.0
1545,hates,-3.0
1546,hating,-3.0
1547,hatred,-3.0
1548,haunt,-1.0
1549,haunted,-2.0
1550,haunting,1.0
1551,haunts,-1.0
1552,havoc,-2.0
1553,hazardous,-3.0
1554,headache,-2.0
1555,healthy,2.0
1556,heartbreaking,-3.0
1557,heartbroken,-3.0
1558,heartfelt,3.0
1559,heartless,-2.0
1560,heartwarming,3.0
1561,heaven,2.0
1562,heavenly,4.0
1563,heavyhearted,-2.0
1564,hehe,2.0
1565,hell,-4.0
1566,hellish,-2.0
1567,help,2.0
1568,helpful,2.0
1569,helping,2.0
1570,helpless,-2.0
1571,helps,2.0
1572,hero,2.0
1573,heroes,2.0
1574,heroic,3.0
1575,hesitant,-2.0
1576,hesitate,-2.0
1577,hid,-1.0
1578,hide,-1.0
1579,hideous,-3.0
1580,hides,-1.0
1581,hiding,-1.0
1582,highlight,2.0
1583,hilarious,2.0
1584,hinder,-2.0
1585,hindrance,-2.0
1586,hoax,-2.0
1587,hollow,-1.0
1588,homeless,-2.0
1589,homesick,-2.0
1590,homicide,-2.0
1591,homicides,-2.0
1592,honest,2.0
1593,honor,2.0
1594,honored,2.0
1595,honoring,2.0
1596,honour,2.0
1597,honoured,2.0
1598,honouring,2.0
1599,hooligan,-2.0
1600,hooliganism,-2.0
1601,hooligans,-2.0
1602,hope,2.0
1603,hopeful,2.0
1604,hopefully,2.0
1605,hopeless,-2.0
1606,hopelessness,-2.0
1607,hopes,2.0
1608,hoping,2.0
1609,horrendous,-3.0
1610,horrid,-3.0
1611,horrible,-3.0
1612,horrific,-3.0
1613,horrified,-3.0
1614,hospitalized,-2.0
1615,hostile,-2.0
1616,huckster,-2.0
1617,hug,2.0
1618,huge,1.0
1619,hugs,2.0
1620,humane,2.0
1621,humble,1.0
1622,humbug,-2.0
1623,humerous,3.0
1624,humiliated,-3.0
1625,humiliation,-3.0
1626,humor,2.0
1627,humorous,2.0
1628,humour,2.0
1629,humourous,2.0
1630,hunger,-2.0
1631,hurrah,5.0
1632,hurt,-2.0
1633,hurting,-2.0
1634,hurts,-2.0
1635,hypocritical,-2.0
1636,hysteria,-3.0
1637,hysterical,-3.0
1638,hysterics,-3.0
1639,icky,-3.0
1640,idiocy,-3.0
1641,idiot,-3.0
1642,idiotic,-3.0
1643,ignorance,-2.0
1644,ignorant,-2.0
1645,ignore,-1.0
1646,ignored,-2.0
1647,ignores,-1.0
1648,ill,-2.0
1649,ill-fated,-2.0
1650,illegal,-3.0
1651,illegally,-3.0
1652,illegitimate,-3.0
1653,illiteracy,-2.0
1654,illness,-2.0
1655,illnesses,-2.0
1656,illogical,-2.0
1657,imaginative,2.0
1658,imbecile,-3.0
1659,immobilized,-1.0
1660,immortal,2.0
1661,immune,1.0
1662,impair,-2.0
1663,impaired,-2.0
1664,impairing,-2.0
1665,impairment,-2.0
1666,impairs,-2.0
1667,impatient,-2.0
1668,impeachment,-3.0
1669,impeachments,-3.0
1670,impede,-2.0
1671,impeded,-2.0
1672,impedes,-2.0
1673,impeding,-2.0
1674,impedingly,-2.0
1675,imperfect,-2.0
1676,importance,2.0
1677,important,2.0
1678,impose,-1.0
1679,imposed,-1.0
1680,imposes,-1.0
1681,imposing,-1.0
1682,imposter,-2.0
1683,impotent,-2.0
1684,impress,3.0
1685,impressed,3.0
1686,impresses,3.0
1687,impressive,3.0
1688,imprisoned,-2.0
1689,imprisonment,-2.0
1690,improper,-2.0
1691,improperly,-2.0
1692,improve,2.0
1693,improved,2.0
1694,improvement,2.0
1695,improves,2.0
1696,improving,2.0
1697,inability,-2.0
1698,inaction,-2.0
1699,inadequate,-2.0
1700,inadvertently,-2.0
1701,inappropriate,-2.0
1702,incapable,-2.0
1703,incapacitated,-2.0
1704,incapacitates,-2.0
1705,incapacitating,-2.0
1706,incense,-2.0
1707,incensed,-2.0
1708,incenses,-2.0
1709,incensing,-2.0
1710,incoherent,-2.0
1711,incompetence,-2.0
1712,incompetent,-2.0
1713,incomplete,-1.0
1714,incomprehensible,-2.0
1715,inconsiderate,-2.0
1716,inconvenience,-2.0
1717,inconvenient,-2.0
1718,increase,1.0
1719,increased,1.0
1720,indecisive,-2.0
1721,indestructible,2.0
1722,indicted,-2.0
1723,indifference,-2.0
1724,indifferent,-2.0
1725,indignant,-2.0
1726,indignation,-2.0
1727,indoctrinate,-2.0
1728,indoctrinated,-2.0
1729,indoctrinates,-2.0
1730,indoctrinating,-2.0
1731,inediable,-2.0
1732,inexorable,-3.0
1733,inexcusable,-3.0
1734,ineffective,-2.0
1735,ineffectively,-2.0
1736,ineffectual,-2.0
1737,inefficiency,-2.0
1738,inefficient,-2.0
1739,inefficiently,-2.0
1740,inept,-2.0
1741,ineptitude,-2.0
1742,infantile,-2.0
1743,infantilized,-2.0
1744,infatuated,2.0
1745,infatuation,2.0
1746,infect,-2.0
1747,infected,-2.0
1748,infecting,-2.0
1749,infection,-2.0
1750,infections,-2.0
1751,infectious,-2.0
1752,infects,-2.0
1753,inferior,-2.0
1754,infest,-2.0
1755,infested,-2.0
1756,infesting,-2.0
1757,infests,-2.0
1758,inflamed,-2.0
1759,inflict,-2.0
1760,inflicted,-2.0
1761,inflicting,-2.0
1762,inflicts,-2.0
1763,influential,2.0
1764,infract,-2.0
1765,infracted,-2.0
1766,infracting,-2.0
1767,infracts,-2.0
1768,infringement,-2.0
1769,infuriate,-2.0
1770,infuriated,-2.0
1771,infuriates,-2.0
1772,infuriating,-2.0
1773,inhibit,-1.0
1774,inhuman,-2.0
1775,injured,-2.0
1776,injuries,-2.0
1777,injury,-2.0
1778,injustice,-2.0
1779,innovate,1.0
1780,innovates,1.0
1781,innovation,1.0
1782,innovative,2.0
1783,inoperative,-2.0
1784,inquisition,-2.0
1785,inquisitive,2.0
1786,insane,-2.0
1787,insanity,-2.0
1788,insecure,-2.0
1789,insensitive,-2.0
1790,insensitivity,-2.0
1791,insignificant,-2.0
1792,insipid,-2.0
1793,insolvent,-2.0
1794,insomnia,-2.0
1795,inspiration,2.0
1796,inspirational,2.0
1797,inspire,2.0
1798,inspired,2.0
1799,inspires,2.0
1800,inspiring,3.0
1801,insufficiency,-2.0
1802,insufficient,-2.0
1803,insufficiently,-2.0
1804,insult,-2.0
1805,insulted,-2.0
1806,insulting,-2.0
1807,insults,-2.0
1808,intact,2.0
1809,integrity,2.0
1810,intelligent,2.0
1811,intense,1.0
1812,interest,1.0
1813,interested,2.0
1814,interesting,2.0
1815,interests,1.0
1816,interrogated,-2.0
1817,interrupt,-2.0
1818,interrupted,-2.0
1819,interrupting,-2.0
1820,interruption,-2.0
1821,interrupts,-2.0
1822,intimacy,2.0
1823,intimidate,-2.0
1824,intimidated,-2.0
1825,intimidates,-2.0
1826,intimidating,-2.0
1827,intimidation,-2.0
1828,intransigence,-2.0
1829,intransigency,-2.0
1830,intricate,2.0
1831,intrigues,1.0
1832,invasion,-1.0
1833,invincible,2.0
1834,invite,1.0
1835,inviting,1.0
1836,invulnerable,2.0
1837,irate,-3.0
1838,ironic,-1.0
1839,irony,-1.0
1840,irrational,-1.0
1841,irreparable,-2.0
1842,irreproducible,-2.0
1843,irresistible,2.0
1844,irresistibly,2.0
1845,irresolute,-2.0
1846,irresponsible,-2.0
1847,irresponsibly,-2.0
1848,irreversible,-1.0
1849,irreversibly,-1.0
1850,irritate,-3.0
1851,irritated,-3.0
1852,irritates,-3.0
1853,irritating,-3.0
1854,isolated,-1.0
1855,itchy,-2.0
1856,jackass,-4.0
1857,jackasses,-4.0
1858,jailed,-2.0
1859,jaunty,2.0
1860,jealous,-2.0
1861,jealousy,-2.0
1862,jeopardy,-2.0
1863,jerk,-3.0
1864,jesus,1.0
1865,jewel,1.0
1866,jewels,1.0
1867,jocular,2.0
1868,join,1.0
1869,joke,2.0
1870,jokes,2.0
1871,jolly,2.0
1872,jovial,2.0
1873,joy,3.0
1874,joyful,3.0
1875,joyfully,3.0
1876,joyless,-2.0
1877,joyous,3.0
1878,jubilant,3.0
1879,jumpy,-1.0
1880,justice,2.0
1881,justifiably,2.0
1882,justified,2.0
1883,keen,1.0
1884,kickback,-3.0
1885,kickbacks,-3.0
1886,kidnap,-2.0
1887,kidnapped,-2.0
1888,kidnapping,-2.0
1889,kidnappings,-2.0
1890,kidnaps,-2.0
1891,kill,-3.0
1892,killed,-3.0
1893,killing,-3.0
1894,kills,-3.0
1895,kind,2.0
1896,kind of,0.0
1897,kinder,2.0
1898,kindness,2.0
1899,kiss,2.0
1900,kudos,3.0
1901,lack,-2.0
1902,lackadaisical,-2.0
1903,lag,-1.0
1904,lagged,-2.0
1905,lagging,-2.0
1906,lags,-2.0
1907,lame,-2.0
1908,landmark,2.0
1909,lapse,-1.0
1910,lapsed,-1.0
1911,laugh,1.0
1912,laughed,1.0
1913,laughing,1.0
1914,laughs,1.0
1915,laughting,1.0
1916,launched,1.0
1917,lawl,3.0
1918,lawsuit,-2.0
1919,lawsuits,-2.0
1920,lazy,-1.0
1921,leadership,1.0
1922,leading,2.0
1923,leak,-1.0
1924,leaked,-1.0
1925,leave,-1.0
1926,legal,1.0
1927,legally,1.0
1928,lenient,1.0
1929,lethal,-2.0
1930,lethality,-2.0
1931,lethargic,-2.0
1932,lethargy,-2.0
1933,liar,-3.0
1934,liars,-3.0
1935,libelous,-2.0
1936,lied,-2.0
1937,lifeless,-1.0
1938,lifesaver,4.0
1939,lighthearted,1.0
1940,likable,2.0
1941,like,2.0
1942,likeable,2.0
1943,liked,2.0
1944,likers,2.0
1945,likes,2.0
1946,liking,2.0
1947,limitation,-1.0
1948,limited,-1.0
1949,limits,-1.0
1950,litigation,-1.0
1951,litigious,-2.0
1952,lively,2.0
1953,livid,-2.0
1954,lmao,4.0
1955,lmfao,4.0
1956,loathe,-3.0
1957,loathed,-3.0
1958,loathes,-3.0
1959,loathing,-3.0
1960,loathsome,-3.0
1961,lobbied,-2.0
1962,lobby,-2.0
1963,lobbying,-2.0
1964,lobbyist,-2.0
1965,lobbyists,-2.0
1966,lol,3.0
1967,lolol,4.0
1968,lololol,4.0
1969,lolololol,4.0
1970,lonely,-2.0
1971,lonesome,-2.0
1972,longing,-1.0
1973,lool,3.0
1974,loom,-1.0
1975,loomed,-1.0
1976,looming,-1.0
1977,looms,-1.0
1978,loool,3.0
1979,looool,3.0
1980,loose,-3.0
1981,looses,-3.0
1982,loser,-3.0
1983,losing,-3.0
1984,loss,-3.0
1985,losses,-3.0
1986,lost,-3.0
1987,lousy,-2.0
1988,lovable,3.0
1989,love,3.0
1990,loved,3.0
1991,lovelies,3.0
1992,lovely,3.0
1993,loves,3.0
1994,loving,2.0
1995,loving-kindness,3.0
1996,lowest,-1.0
1997,loyal,3.0
1998,loyalty,3.0
1999,luck,3.0
2000,luckily,3.0
2001,lucky,3.0
2002,lucrative,3.0
2003,ludicrous,-3.0
2004,lugubrious,-2.0
2005,lunatic,-3.0
2006,lunatics,-3.0
2007,lurk,-1.0
2008,lurking,-1.0
2009,lurks,-1.0
2010,luxury,2.0
2011,macabre,-2.0
2012,mad,-3.0
2013,maddening,-3.0
2014,made-up,-1.0
2015,madly,-3.0
2016,madness,-3.0
2017,magnificent,3.0
2018,maladaption,-2.0
2019,maldevelopment,-2.0
2020,maltreatment,-2.0
2021,mandatory,-1.0
2022,manipulated,-1.0
2023,manipulating,-1.0
2024,manipulation,-1.0
2025,manslaughter,-3.0
2026,marvel,3.0
2027,marvelous,3.0
2028,marvels,3.0
2029,masterpiece,4.0
2030,masterpieces,4.0
2031,matter,1.0
2032,matters,1.0
2033,mature,2.0
2034,meaningful,2.0
2035,meaningless,-2.0
2036,medal,3.0
2037,mediocrity,-3.0
2038,meditative,1.0
2039,melancholy,-2.0
2040,memorable,1.0
2041,memoriam,-2.0
2042,menace,-2.0
2043,menaced,-2.0
2044,menaces,-2.0
2045,mercy,2.0
2046,merry,3.0
2047,mesmerizing,3.0
2048,mess,-2.0
2049,messed,-2.0
2050,messing up,-2.0
2051,methodical,2.0
2052,methodically,2.0
2053,mindless,-2.0
2054,miracle,4.0
2055,mirth,3.0
2056,mirthful,3.0
2057,mirthfully,3.0
2058,misbehave,-2.0
2059,misbehaved,-2.0
2060,misbehaves,-2.0
2061,misbehaving,-2.0
2062,misbranding,-3.0
2063,miscast,-2.0
2064,mischief,-1.0
2065,mischiefs,-1.0
2066,misclassified,-2.0
2067,misclassifies,-2.0
2068,misclassify,-2.0
2069,misconduct,-2.0
2070,misconducted,-2.0
2071,misconducting,-2.0
2072,misconducts,-2.0
2073,miserable,-3.0
2074,miserably,-3.0
2075,misery,-2.0
2076,misfire,-2.0
2077,misfortune,-2.0
2078,misgiving,-2.0
2079,misinformation,-2.0
2080,misinformed,-2.0
2081,misinterpreted,-2.0
2082,mislead,-3.0
2083,misleaded,-3.0
2084,misleading,-3.0
2085,misleads,-3.0
2086,misplace,-2.0
2087,misplaced,-2.0
2088,misplaces,-2.0
2089,misplacing,-2.0
2090,mispricing,-3.0
2091,misread,-1.0
2092,misreport,-2.0
2093,misreported,-2.0
2094,misreporting,-2.0
2095,misreports,-2.0
2096,misrepresent,-2.0
2097,misrepresentation,-2.0
2098,misrepresentations,-2.0
2099,misrepresented,-2.0
2100,misrepresenting,-2.0
2101,misrepresents,-2.0
2102,miss,-2.0
2103,missed,-2.0
2104,missing,-2.0
2105,mistake,-2.0
2106,mistaken,-2.0
2107,mistakes,-2.0
2108,mistaking,-2.0
2109,misunderstand,-2.0
2110,misunderstanding,-2.0
2111,misunderstands,-2.0
2112,misunderstood,-2.0
2113,misuse,-2.0
2114,misused,-2.0
2115,misuses,-2.0
2116,misusing,-2.0
2117,moan,-2.0
2118,moaned,-2.0
2119,moaning,-2.0
2120,moans,-2.0
2121,mock,-2.0
2122,mocked,-2.0
2123,mocking,-2.0
2124,mocks,-2.0
2125,modernize,2.0
2126,modernized,2.0
2127,modernizes,2.0
2128,modernizing,2.0
2129,mongering,-2.0
2130,monopolize,-2.0
2131,monopolized,-2.0
2132,monopolizes,-2.0
2133,monopolizing,-2.0
2134,monotone,-1.0
2135,moody,-1.0
2136,mope,-1.0
2137,moping,-1.0
2138,moron,-3.0
2139,motherfucker,-5.0
2140,motherfucking,-5.0
2141,motivate,1.0
2142,motivated,2.0
2143,motivating,2.0
2144,motivation,1.0
2145,mourn,-2.0
2146,mourned,-2.0
2147,mournful,-2.0
2148,mourning,-2.0
2149,mourns,-2.0
2150,muddy,-2.0
2151,mumpish,-2.0
2152,murder,-2.0
2153,murderer,-2.0
2154,murdering,-3.0
2155,murderous,-3.0
2156,murders,-2.0
2157,murky,-2.0
2158,myth,-1.0
2159,n00b,-2.0
2160,naive,-2.0
2161,narcissism,-2.0
2162,nasty,-3.0
2163,natural,1.0
2164,na√Øve,-2.0
2165,needy,-2.0
2166,negative,-2.0
2167,negativity,-2.0
2168,neglect,-2.0
2169,neglected,-2.0
2170,neglecting,-2.0
2171,neglects,-2.0
2172,nerves,-1.0
2173,nervous,-2.0
2174,nervously,-2.0
2175,nice,3.0
2176,nifty,2.0
2177,niggas,-5.0
2178,nigger,-5.0
2179,no,-1.0
2180,no fun,-3.0
2181,noble,2.0
2182,noblest,2.0
2183,noisy,-1.0
2184,non-approved,-2.0
2185,nonsense,-2.0
2186,noob,-2.0
2187,nosey,-2.0
2188,not good,-2.0
2189,not working,-3.0
2190,notable,2.0
2191,noticeable,2.0
2192,notorious,-2.0
2193,novel,2.0
2194,numb,-1.0
2195,nurturing,2.0
2196,nuts,-3.0
2197,obliterate,-2.0
2198,obliterated,-2.0
2199,obnoxious,-3.0
2200,obscene,-2.0
2201,obscenity,-2.0
2202,obsessed,2.0
2203,obsolete,-2.0
2204,obstacle,-2.0
2205,obstacles,-2.0
2206,obstinate,-2.0
2207,obstruct,-2.0
2208,obstructed,-2.0
2209,obstructing,-2.0
2210,obstruction,-2.0
2211,obstructs,-2.0
2212,odd,-2.0
2213,offence,-2.0
2214,offences,-2.0
2215,offend,-2.0
2216,offended,-2.0
2217,offender,-2.0
2218,offending,-2.0
2219,offends,-2.0
2220,offense,-2.0
2221,offenses,-2.0
2222,offensive,-2.0
2223,offensively,-2.0
2224,offline,-1.0
2225,oks,2.0
2226,ominous,3.0
2227,once-in-a-lifetime,3.0
2228,oops,-2.0
2229,opportunities,2.0
2230,opportunity,2.0
2231,oppressed,-2.0
2232,oppression,-2.0
2233,oppressions,-2.0
2234,oppressive,-2.0
2235,optimism,2.0
2236,optimistic,2.0
2237,optionless,-2.0
2238,ostracize,-2.0
2239,ostracized,-2.0
2240,ostracizes,-2.0
2241,ouch,-2.0
2242,outage,-2.0
2243,outages,-2.0
2244,outbreak,-2.0
2245,outbreaks,-2.0
2246,outcry,-2.0
2247,outmaneuvered,-2.0
2248,outnumbered,-2.0
2249,outrage,-3.0
2250,outraged,-3.0
2251,outrageous,-3.0
2252,outreach,2.0
2253,outstanding,5.0
2254,overjoyed,4.0
2255,overload,-1.0
2256,overlooked,-1.0
2257,overprotective,-2.0
2258,overran,-2.0
2259,overreact,-2.0
2260,overreacted,-2.0
2261,overreacting,-2.0
2262,overreaction,-2.0
2263,overreacts,-2.0
2264,oversell,-2.0
2265,overselling,-2.0
2266,oversells,-2.0
2267,oversight,-1.0
2268,oversimplification,-2.0
2269,oversimplified,-2.0
2270,oversimplifies,-2.0
2271,oversimplify,-2.0
2272,oversold,-2.0
2273,overstatement,-2.0
2274,overstatements,-2.0
2275,overweight,-1.0
2276,overwrought,-3.0
2277,oxymoron,-1.0
2278,pain,-2.0
2279,pained,-2.0
2280,painful,-2.0
2281,panic,-3.0
2282,panicked,-3.0
2283,panics,-3.0
2284,paradise,3.0
2285,paradox,-1.0
2286,pardon,2.0
2287,pardoned,2.0
2288,pardoning,2.0
2289,pardons,2.0
2290,parley,-1.0
2291,passion,1.0
2292,passionate,2.0
2293,passive,-1.0
2294,passively,-1.0
2295,pathetic,-2.0
2296,pay,-1.0
2297,peace,2.0
2298,peaceful,2.0
2299,peacefully,2.0
2300,penalize,-2.0
2301,penalized,-2.0
2302,penalizes,-2.0
2303,penalizing,-2.0
2304,penalty,-2.0
2305,pensive,-1.0
2306,perfect,3.0
2307,perfected,2.0
2308,perfection,3.0
2309,perfectly,3.0
2310,perfects,2.0
2311,peril,-2.0
2312,perjury,-3.0
2313,perpetrated,-2.0
2314,perpetrator,-2.0
2315,perpetrators,-2.0
2316,perplexed,-2.0
2317,persecute,-2.0
2318,persecuted,-2.0
2319,persecutes,-2.0
2320,persecuting,-2.0
2321,perturbed,-2.0
2322,pervert,-3.0
2323,pesky,-2.0
2324,pessimism,-2.0
2325,pessimistic,-2.0
2326,petrified,-2.0
2327,philanthropy,2.0
2328,phobic,-2.0
2329,picturesque,2.0
2330,pileup,-1.0
2331,pillage,-2.0
2332,pique,-2.0
2333,piqued,-2.0
2334,piss,-4.0
2335,pissed,-4.0
2336,pissing,-3.0
2337,piteous,-2.0
2338,pitied,-1.0
2339,pity,-2.0
2340,plague,-3.0
2341,plagued,-3.0
2342,plagues,-3.0
2343,plaguing,-3.0
2344,playful,2.0
2345,pleasant,3.0
2346,please,1.0
2347,pleased,3.0
2348,pleasurable,3.0
2349,pleasure,3.0
2350,plodding,-2.0
2351,poignant,2.0
2352,pointless,-2.0
2353,poised,-2.0
2354,poison,-2.0
2355,poisoned,-2.0
2356,poisons,-2.0
2357,polished,2.0
2358,polite,2.0
2359,politeness,2.0
2360,pollutant,-2.0
2361,pollute,-2.0
2362,polluted,-2.0
2363,polluter,-2.0
2364,polluters,-2.0
2365,pollutes,-2.0
2366,pollution,-2.0
2367,poor,-2.0
2368,poorer,-2.0
2369,poorest,-2.0
2370,poorly,-2.0
2371,popular,3.0
2372,popularity,3.0
2373,positive,2.0
2374,positively,2.0
2375,possessive,-2.0
2376,post-traumatic,-2.0
2377,postpone,-1.0
2378,postponed,-1.0
2379,postpones,-1.0
2380,postponing,-1.0
2381,poverty,-1.0
2382,powerful,2.0
2383,powerless,-2.0
2384,praise,3.0
2385,praised,3.0
2386,praises,3.0
2387,praising,3.0
2388,pray,1.0
2389,praying,1.0
2390,prays,1.0
2391,prblm,-2.0
2392,prblms,-2.0
2393,predatory,-2.0
2394,prepared,1.0
2395,pressure,-1.0
2396,pressured,-2.0
2397,pretend,-1.0
2398,pretending,-1.0
2399,pretends,-1.0
2400,pretty,1.0
2401,prevent,-1.0
2402,prevented,-1.0
2403,preventing,-1.0
2404,prevents,-1.0
2405,prick,-5.0
2406,prison,-2.0
2407,prisoner,-2.0
2408,prisoners,-2.0
2409,privileged,2.0
2410,proactive,2.0
2411,problem,-2.0
2412,problems,-2.0
2413,profit,2.0
2414,profitable,2.0
2415,profiteer,-2.0
2416,profits,2.0
2417,progress,2.0
2418,prohibit,-1.0
2419,prohibits,-1.0
2420,prominent,2.0
2421,promise,1.0
2422,promised,1.0
2423,promises,1.0
2424,promote,1.0
2425,promoted,1.0
2426,promotes,1.0
2427,promoting,1.0
2428,promptly,1.0
2429,propaganda,-2.0
2430,prosecute,-1.0
2431,prosecuted,-2.0
2432,prosecutes,-1.0
2433,prosecution,-1.0
2434,prospect,1.0
2435,prospects,1.0
2436,prosperity,3.0
2437,prosperous,3.0
2438,protect,1.0
2439,protected,1.0
2440,protects,1.0
2441,protest,-2.0
2442,protesters,-2.0
2443,protesting,-2.0
2444,protests,-2.0
2445,proud,2.0
2446,proudly,2.0
2447,provoke,-1.0
2448,provoked,-1.0
2449,provokes,-1.0
2450,provoking,-1.0
2451,prudence,2.0
2452,pseudoscience,-3.0
2453,psychopathic,-2.0
2454,punish,-2.0
2455,punished,-2.0
2456,punishes,-2.0
2457,punishing,-2.0
2458,punitive,-2.0
2459,pure,1.0
2460,purest,1.0
2461,purposeful,2.0
2462,pushy,-1.0
2463,puzzled,-2.0
2464,quaking,-2.0
2465,qualities,2.0
2466,quality,2.0
2467,questionable,-2.0
2468,questioned,-1.0
2469,questioning,-1.0
2470,racism,-3.0
2471,racist,-3.0
2472,racists,-3.0
2473,rage,-2.0
2474,rageful,-2.0
2475,rainy,-1.0
2476,rant,-3.0
2477,ranter,-3.0
2478,ranters,-3.0
2479,rants,-3.0
2480,rape,-4.0
2481,raped,-4.0
2482,rapist,-4.0
2483,rapture,2.0
2484,raptured,2.0
2485,raptures,2.0
2486,rapturous,4.0
2487,rash,-2.0
2488,ratified,2.0
2489,reach,1.0
2490,reached,1.0
2491,reaches,1.0
2492,reaching,1.0
2493,reassure,1.0
2494,reassured,1.0
2495,reassures,1.0
2496,reassuring,2.0
2497,rebel,-2.0
2498,rebellion,-2.0
2499,rebels,-2.0
2500,recession,-2.0
2501,reckless,-2.0
2502,recognition,2.0
2503,recommend,2.0
2504,recommended,2.0
2505,recommends,2.0
2506,redeemed,2.0
2507,refine,1.0
2508,refined,1.0
2509,refines,1.0
2510,refreshingly,2.0
2511,refuse,-2.0
2512,refused,-2.0
2513,refuses,-2.0
2514,refusing,-2.0
2515,regret,-2.0
2516,regretful,-2.0
2517,regrets,-2.0
2518,regretted,-2.0
2519,regretting,-2.0
2520,reigning,1.0
2521,reject,-1.0
2522,rejected,-1.0
2523,rejecting,-1.0
2524,rejection,-2.0
2525,rejects,-1.0
2526,rejoice,4.0
2527,rejoiced,4.0
2528,rejoices,4.0
2529,rejoicing,4.0
2530,relaxed,2.0
2531,relentless,-1.0
2532,reliability,2.0
2533,reliable,2.0
2534,reliably,2.0
2535,reliant,2.0
2536,relieve,1.0
2537,relieved,2.0
2538,relieves,1.0
2539,relieving,2.0
2540,relishing,2.0
2541,remarkable,2.0
2542,remorse,-2.0
2543,repellent,-2.0
2544,repercussion,-2.0
2545,repercussions,-2.0
2546,reprimand,-2.0
2547,reprimanded,-2.0
2548,reprimanding,-2.0
2549,reprimands,-2.0
2550,repulse,-1.0
2551,repulsed,-2.0
2552,repulsive,-2.0
2553,rescue,2.0
2554,rescued,2.0
2555,rescues,2.0
2556,resentful,-2.0
2557,resign,-1.0
2558,resigned,-1.0
2559,resigning,-1.0
2560,resigns,-1.0
2561,resolute,2.0
2562,resolution,2.0
2563,resolve,2.0
2564,resolved,2.0
2565,resolves,2.0
2566,resolving,2.0
2567,respect,2.0
2568,respected,2.0
2569,respects,2.0
2570,responsibility,1.0
2571,responsible,2.0
2572,responsive,2.0
2573,restful,2.0
2574,restless,-2.0
2575,restore,1.0
2576,restored,1.0
2577,restores,1.0
2578,restoring,1.0
2579,restrict,-2.0
2580,restricted,-2.0
2581,restricting,-2.0
2582,restriction,-2.0
2583,restrictive,-1.0
2584,restricts,-2.0
2585,retained,-1.0
2586,retard,-2.0
2587,retarded,-2.0
2588,retreat,-1.0
2589,revenge,-2.0
2590,revengeful,-2.0
2591,revered,2.0
2592,revive,2.0
2593,revives,2.0
2594,revolting,-2.0
2595,reward,2.0
2596,rewarded,2.0
2597,rewarding,2.0
2598,rewards,2.0
2599,rich,2.0
2600,richly,2.0
2601,ridiculous,-3.0
2602,rig,-1.0
2603,rigged,-1.0
2604,right direction,3.0
2605,righteousness,2.0
2606,rightful,2.0
2607,rightfully,2.0
2608,rigorous,3.0
2609,rigorously,3.0
2610,riot,-2.0
2611,riots,-2.0
2612,rise,1.0
2613,rises,1.0
2614,risk,-2.0
2615,risks,-2.0
2616,risky,-2.0
2617,riveting,3.0
2618,rob,-2.0
2619,robber,-2.0
2620,robed,-2.0
2621,robing,-2.0
2622,robs,-2.0
2623,robust,2.0
2624,rofl,4.0
2625,roflcopter,4.0
2626,roflmao,4.0
2627,romance,2.0
2628,romantical,2.0
2629,romantically,2.0
2630,rose,1.0
2631,rotfl,4.0
2632,rotflmfao,4.0
2633,rotflol,4.0
2634,rotten,-3.0
2635,rude,-2.0
2636,ruin,-2.0
2637,ruined,-2.0
2638,ruining,-2.0
2639,ruins,-2.0
2640,sabotage,-2.0
2641,sad,-2.0
2642,sadden,-2.0
2643,saddened,-2.0
2644,sadly,-2.0
2645,safe,1.0
2646,safely,1.0
2647,safer,2.0
2648,safety,1.0
2649,salient,1.0
2650,salute,2.0
2651,saluted,2.0
2652,salutes,2.0
2653,saluting,2.0
2654,salvation,2.0
2655,sappy,-1.0
2656,sarcastic,-2.0
2657,satisfied,2.0
2658,savange,-2.0
2659,savanges,-2.0
2660,save,2.0
2661,saved,2.0
2662,savings,1.0
2663,scam,-2.0
2664,scams,-2.0
2665,scandal,-3.0
2666,scandalous,-3.0
2667,scandals,-3.0
2668,scapegoat,-2.0
2669,scapegoats,-2.0
2670,scare,-2.0
2671,scared,-2.0
2672,scar,-2.0
2673,scars,-2.0
2674,scary,-2.0
2675,sceptical,-2.0
2676,scold,-2.0
2677,scoop,3.0
2678,scorn,-2.0
2679,scornful,-2.0
2680,scream,-2.0
2681,screamed,-2.0
2682,screaming,-2.0
2683,screams,-2.0
2684,screwed,-2.0
2685,screwed up,-3.0
2686,scum,-3.0
2687,scumbag,-4.0
2688,seamless,2.0
2689,seamlessly,2.0
2690,secure,2.0
2691,secured,2.0
2692,secures,2.0
2693,sedition,-2.0
2694,seditious,-2.0
2695,seduced,-1.0
2696,self-abuse,-2.0
2697,self-confident,2.0
2698,self-contradictory,-2.0
2699,self-deluded,-2.0
2700,selfish,-3.0
2701,selfishness,-3.0
2702,sentence,-2.0
2703,sentenced,-2.0
2704,sentences,-2.0
2705,sentencing,-2.0
2706,serene,2.0
2707,settlement,1.0
2708,settlements,1.0
2709,severe,-2.0
2710,severely,-2.0
2711,sexist,-2.0
2712,sexistic,-2.0
2713,sexy,3.0
2714,shaky,-2.0
2715,shame,-2.0
2716,shamed,-2.0
2717,shameful,-2.0
2718,share,1.0
2719,shared,1.0
2720,shares,1.0
2721,shattered,-2.0
2722,shit,-4.0
2723,shithead,-4.0
2724,shitty,-3.0
2725,shock,-2.0
2726,shocked,-2.0
2727,shocking,-2.0
2728,shocks,-2.0
2729,shoody,-2.0
2730,shoot,-1.0
2731,short-sighted,-2.0
2732,short-sightedness,-2.0
2733,shortage,-2.0
2734,shortages,-2.0
2735,shrew,-4.0
2736,shy,-1.0
2737,sick,-2.0
2738,sickness,-2.0
2739,side-effect,-2.0
2740,side-effects,-2.0
2741,sigh,-2.0
2742,significance,1.0
2743,significant,1.0
2744,silencing,-1.0
2745,silly,-1.0
2746,simplicity,1.0
2747,sin,-2.0
2748,sincere,2.0
2749,sincerely,2.0
2750,sincerest,2.0
2751,sincerity,2.0
2752,sinful,-3.0
2753,singleminded,-2.0
2754,sinister,-2.0
2755,sins,-2.0
2756,skeptic,-2.0
2757,skeptical,-2.0
2758,skepticism,-2.0
2759,skeptics,-2.0
2760,slam,-2.0
2761,slash,-2.0
2762,slashed,-2.0
2763,slashes,-2.0
2764,slashing,-2.0
2765,slave,-3.0
2766,slavery,-3.0
2767,slaves,-3.0
2768,sleeplessness,-2.0
2769,slick,2.0
2770,slicker,2.0
2771,slickest,2.0
2772,slip,-1.0
2773,sloppy,-2.0
2774,sluggish,-2.0
2775,slumping,-1.0
2776,slut,-5.0
2777,smart,1.0
2778,smarter,2.0
2779,smartest,2.0
2780,smear,-2.0
2781,smile,2.0
2782,smiled,2.0
2783,smiles,2.0
2784,smiling,2.0
2785,smog,-2.0
2786,smuggle,-2.0
2787,smuggled,-2.0
2788,smuggling,-2.0
2789,smuggles,-2.0
2790,sneaky,-1.0
2791,sneeze,-2.0
2792,sneezed,-2.0
2793,sneezes,-2.0
2794,sneezing,-2.0
2795,snub,-2.0
2796,snubbed,-2.0
2797,snubbing,-2.0
2798,snubs,-2.0
2799,sobering,1.0
2800,solemn,-1.0
2801,solid,2.0
2802,solidarity,2.0
2803,solidified,2.0
2804,solidifies,2.0
2805,solidify,2.0
2806,solidifying,2.0
2807,solution,1.0
2808,solutions,1.0
2809,solve,1.0
2810,solved,1.0
2811,solves,1.0
2812,solving,1.0
2813,somber,-2.0
2814,some kind,0.0
2815,son-of-a-bitch,-5.0
2816,soothe,3.0
2817,soothed,3.0
2818,soothing,3.0
2819,sophisticated,2.0
2820,sore,-1.0
2821,sorrow,-2.0
2822,sorrowful,-2.0
2823,sorry,-1.0
2824,spacious,1.0
2825,spam,-2.0
2826,spammer,-3.0
2827,spammers,-3.0
2828,spamming,-2.0
2829,spark,1.0
2830,sparkle,3.0
2831,sparkles,3.0
2832,sparkling,3.0
2833,spearhead,2.0
2834,speculative,-2.0
2835,spirit,1.0
2836,spirited,2.0
2837,spiritless,-2.0
2838,spiteful,-2.0
2839,splendid,3.0
2840,spoiled,-2.0
2841,spoilt,-2.0
2842,spotless,2.0
2843,sprightly,2.0
2844,squander,-2.0
2845,squandered,-2.0
2846,squandering,-2.0
2847,squanders,-2.0
2848,squelched,-1.0
2849,stab,-2.0
2850,stabbed,-2.0
2851,stable,2.0
2852,stabs,-2.0
2853,stall,-2.0
2854,stalled,-2.0
2855,stalling,-2.0
2856,stamina,2.0
2857,stampede,-2.0
2858,stank,-2.0
2859,startled,-2.0
2860,startling,3.0
2861,starve,-2.0
2862,starved,-2.0
2863,starves,-2.0
2864,starving,-2.0
2865,steadfast,2.0
2866,steal,-2.0
2867,stealing,-2.0
2868,steals,-2.0
2869,stereotype,-2.0
2870,stereotyped,-2.0
2871,stifled,-1.0
2872,stimulate,1.0
2873,stimulated,1.0
2874,stimulates,1.0
2875,stimulating,2.0
2876,stingy,-2.0
2877,stink,-2.0
2878,stinked,-2.0
2879,stinker,-2.0
2880,stinking,-2.0
2881,stinks,-2.0
2882,stinky,-2.0
2883,stole,-2.0
2884,stolen,-2.0
2885,stop,-1.0
2886,stopped,-1.0
2887,stopping,-1.0
2888,stops,-1.0
2889,stout,2.0
2890,straight,1.0
2891,strange,-1.0
2892,strangely,-1.0
2893,strangled,-2.0
2894,strength,2.0
2895,strengthen,2.0
2896,strengthened,2.0
2897,strengthening,2.0
2898,strengthens,2.0
2899,strengths,2.0
2900,stress,-1.0
2901,stressed,-2.0
2902,stressor,-2.0
2903,stressors,-2.0
2904,stricken,-2.0
2905,strike,-1.0
2906,strikers,-2.0
2907,strikes,-1.0
2908,strong,2.0
2909,stronger,2.0
2910,strongest,2.0
2911,struck,-1.0
2912,struggle,-2.0
2913,struggled,-2.0
2914,struggles,-2.0
2915,struggling,-2.0
2916,stubborn,-2.0
2917,stuck,-2.0
2918,stunned,-2.0
2919,stunning,4.0
2920,stupid,-2.0
2921,stupidity,-3.0
2922,stupidly,-2.0
2923,suave,2.0
2924,subpoena,-2.0
2925,substantial,1.0
2926,substantially,1.0
2927,subversive,-2.0
2928,succeed,3.0
2929,succeeded,3.0
2930,succeeding,3.0
2931,succeeds,3.0
2932,success,2.0
2933,successful,3.0
2934,successfully,3.0
2935,suck,-3.0
2936,sucks,-3.0
2937,sue,-2.0
2938,sued,-2.0
2939,sueing,-2.0
2940,sues,-2.0
2941,suffer,-2.0
2942,suffered,-2.0
2943,sufferer,-2.0
2944,sufferers,-2.0
2945,suffering,-2.0
2946,suffers,-2.0
2947,suicidal,-2.0
2948,suicide,-2.0
2949,suicides,-2.0
2950,suing,-2.0
2951,suitable,2.0
2952,suited,2.0
2953,sulking,-2.0
2954,sulky,-2.0
2955,sullen,-2.0
2956,sunshine,2.0
2957,super,3.0
2958,superb,5.0
2959,superior,2.0
2960,support,2.0
2961,supported,2.0
2962,supporter,1.0
2963,supporters,1.0
2964,supporting,1.0
2965,supportive,2.0
2966,supports,2.0
2967,supreme,4.0
2968,survived,2.0
2969,surviving,2.0
2970,survivor,2.0
2971,suspect,-1.0
2972,suspected,-1.0
2973,suspecting,-1.0
2974,suspects,-1.0
2975,suspend,-1.0
2976,suspended,-1.0
2977,suspicious,-2.0
2978,sustainability,1.0
2979,sustainable,2.0
2980,sustainably,2.0
2981,swear,-2.0
2982,swearing,-2.0
2983,swears,-2.0
2984,sweet,2.0
2985,sweeter,3.0
2986,sweetest,3.0
2987,swift,2.0
2988,swiftly,2.0
2989,swindle,-3.0
2990,swindles,-3.0
2991,swindling,-3.0
2992,sympathetic,2.0
2993,sympathy,2.0
2994,taint,-2.0
2995,tainted,-2.0
2996,talent,2.0
2997,tard,-2.0
2998,tarnish,-2.0
2999,tarnished,-2.0
3000,tarnishes,-2.0
3001,tears,-2.0
3002,tender,2.0
3003,tenderness,2.0
3004,tense,-2.0
3005,tension,-1.0
3006,terrible,-3.0
3007,terribly,-3.0
3008,terrific,4.0
3009,terrifically,4.0
3010,terrified,-3.0
3011,terror,-3.0
3012,terrorist,-2.0
3013,terrorists,-2.0
3014,terrorize,-3.0
3015,terrorized,-3.0
3016,terrorizes,-3.0
3017,thank,2.0
3018,thankful,2.0
3019,thanks,2.0
3020,thorny,-2.0
3021,thoughtful,2.0
3022,thoughtless,-2.0
3023,threat,-2.0
3024,threaten,-2.0
3025,threatened,-2.0
3026,threatening,-2.0
3027,threatens,-2.0
3028,threats,-2.0
3029,thrilled,5.0
3030,thwart,-2.0
3031,thwarted,-2.0
3032,thwarting,-2.0
3033,thwarts,-2.0
3034,timid,-2.0
3035,timorous,-2.0
3036,tired,-2.0
3037,tits,-2.0
3038,tolerance,2.0
3039,tolerant,2.0
3040,toothless,-2.0
3041,top,2.0
3042,tops,2.0
3043,torn,-2.0
3044,torture,-4.0
3045,tortured,-4.0
3046,tortures,-4.0
3047,torturing,-4.0
3048,totalitarian,-2.0
3049,totalitarianism,-2.0
3050,tout,-2.0
3051,touted,-2.0
3052,touting,-2.0
3053,touts,-2.0
3054,toxic,-3.0
3055,tragedies,-2.0
3056,tragedy,-2.0
3057,tragic,-2.0
3058,tranquil,2.0
3059,transgress,-2.0
3060,transgressed,-2.0
3061,transgresses,-2.0
3062,transgressing,-2.0
3063,trap,-1.0
3064,trapped,-2.0
3065,traps,-1.0
3066,trauma,-3.0
3067,traumatic,-3.0
3068,travesty,-2.0
3069,treason,-3.0
3070,treasonous,-3.0
3071,treasure,2.0
3072,treasures,2.0
3073,trembling,-2.0
3074,tremor,-2.0
3075,tremors,-2.0
3076,tremulous,-2.0
3077,tribulation,-2.0
3078,tribute,2.0
3079,tricked,-2.0
3080,trickery,-2.0
3081,triumph,4.0
3082,triumphant,4.0
3083,troll,-2.0
3084,trouble,-2.0
3085,troubled,-2.0
3086,troubles,-2.0
3087,troubling,-2.0
3088,true,2.0
3089,trust,1.0
3090,trusted,2.0
3091,trusts,1.0
3092,tumor,-2.0
3093,twat,-5.0
3094,tyran,-3.0
3095,tyrannic,-3.0
3096,tyrannical,-3.0
3097,tyrannically,-3.0
3098,tyrans,-3.0
3099,ubiquitous,2.0
3100,ugh,-2.0
3101,ugliness,-3.0
3102,ugly,-3.0
3103,unable,-2.0
3104,unacceptable,-2.0
3105,unappeasable,-2.0
3106,unappreciated,-2.0
3107,unapproved,-2.0
3108,unattractive,-2.0
3109,unavailable,-1.0
3110,unavailing,-2.0
3111,unaware,-2.0
3112,unbearable,-2.0
3113,unbelievable,-1.0
3114,unbelieving,-1.0
3115,unbiased,2.0
3116,uncertain,-1.0
3117,unclear,-1.0
3118,uncomfortable,-2.0
3119,unconcerned,-2.0
3120,unconfirmed,-1.0
3121,unconvinced,-1.0
3122,uncredited,-1.0
3123,undecided,-1.0
3124,undercooked,-2.0
3125,underestimate,-1.0
3126,underestimated,-1.0
3127,underestimates,-1.0
3128,underestimating,-1.0
3129,undermine,-2.0
3130,undermined,-2.0
3131,undermines,-2.0
3132,undermining,-2.0
3133,underperform,-2.0
3134,underperformed,-2.0
3135,underperforming,-2.0
3136,underperforms,-2.0
3137,undeserving,-2.0
3138,undesirable,-2.0
3139,uneasy,-2.0
3140,unemployed,-1.0
3141,unemployment,-2.0
3142,unequal,-1.0
3143,unequaled,2.0
3144,unethical,-2.0
3145,uneventful,-2.0
3146,unfair,-2.0
3147,unfavorable,-2.0
3148,unfit,-2.0
3149,unfitted,-2.0
3150,unfocused,-2.0
3151,unforgivable,-3.0
3152,unforgiving,-2.0
3153,unfulfilled,-2.0
3154,unfunny,-2.0
3155,ungenerous,-2.0
3156,ungrateful,-3.0
3157,unhappy,-2.0
3158,unhappiness,-2.0
3159,unhealthy,-2.0
3160,unhygienic,-2.0
3161,unified,1.0
3162,unimaginative,-2.0
3163,unimpressed,-2.0
3164,uninspired,-2.0
3165,unintelligent,-2.0
3166,unintentional,-2.0
3167,uninvolving,-2.0
3168,united,1.0
3169,unjust,-2.0
3170,unlikely,-1.0
3171,unlovable,-2.0
3172,unloved,-2.0
3173,unmatched,1.0
3174,unmotivated,-2.0
3175,unoriginal,-2.0
3176,unparliamentary,-2.0
3177,unpleasant,-2.0
3178,unpleasantness,-2.0
3179,unprofessional,-2.0
3180,unravel,1.0
3181,unreleting,-2.0
3182,unresearched,-2.0
3183,unsafe,-2.0
3184,unsatisfied,-2.0
3185,unscientific,-2.0
3186,unsecured,-2.0
3187,unselfish,2.0
3188,unsettled,-1.0
3189,unsold,-1.0
3190,unsophisticated,-2.0
3191,unsound,-2.0
3192,unstable,-2.0
3193,unstoppable,2.0
3194,unsuccessful,-2.0
3195,unsuccessfully,-2.0
3196,unsupported,-2.0
3197,unsure,-1.0
3198,untarnished,2.0
3199,untrue,-2.0
3200,unwanted,-2.0
3201,unworthy,-2.0
3202,uplifting,2.0
3203,uproar,-3.0
3204,upset,-2.0
3205,upsets,-2.0
3206,upsetting,-2.0
3207,uptight,-2.0
3208,urgent,-1.0
3209,useful,2.0
3210,usefulness,2.0
3211,useless,-2.0
3212,uselessness,-2.0
3213,vague,-2.0
3214,validate,1.0
3215,validated,1.0
3216,validates,1.0
3217,validating,1.0
3218,vapid,-2.0
3219,verdict,-1.0
3220,verdicts,-1.0
3221,vested,1.0
3222,vexation,-2.0
3223,vexing,-2.0
3224,vibrant,3.0
3225,vicious,-2.0
3226,victim,-3.0
3227,victimization,-3.0
3228,victimize,-3.0
3229,victimized,-3.0
3230,victimizes,-3.0
3231,victimizing,-3.0
3232,victims,-3.0
3233,victor,3.0
3234,victors,3.0
3235,victory,3.0
3236,victories,3.0
3237,vigilant,3.0
3238,vigor,3.0
3239,vile,-3.0
3240,vindicate,2.0
3241,vindicated,2.0
3242,vindicates,2.0
3243,vindicating,2.0
3244,violate,-2.0
3245,violated,-2.0
3246,violates,-2.0
3247,violating,-2.0
3248,violation,-2.0
3249,violations,-2.0
3250,violence,-3.0
3251,violence-related,-3.0
3252,violent,-3.0
3253,violently,-3.0
3254,virtuous,2.0
3255,virulent,-2.0
3256,vision,1.0
3257,visionary,3.0
3258,visioning,1.0
3259,visions,1.0
3260,vitality,3.0
3261,vitamin,1.0
3262,vitriolic,-3.0
3263,vivacious,3.0
3264,vividly,2.0
3265,vociferous,-1.0
3266,vomit,-3.0
3267,vomited,-3.0
3268,vomiting,-3.0
3269,vomits,-3.0
3270,vulnerability,-2.0
3271,vulnerable,-2.0
3272,walkout,-2.0
3273,walkouts,-2.0
3274,wanker,-3.0
3275,want,1.0
3276,war,-2.0
3277,warfare,-2.0
3278,warm,1.0
3279,warmhearted,2.0
3280,warmness,2.0
3281,warmth,2.0
3282,warn,-2.0
3283,warned,-2.0
3284,warning,-3.0
3285,warnings,-3.0
3286,warns,-2.0
3287,waste,-1.0
3288,wasted,-2.0
3289,wasting,-2.0
3290,wavering,-1.0
3291,weak,-2.0
3292,weakened,-2.0
3293,weakness,-2.0
3294,weaknesses,-2.0
3295,wealth,3.0
3296,wealthier,2.0
3297,wealthy,2.0
3298,weary,-2.0
3299,weep,-2.0
3300,weeping,-2.0
3301,weird,-2.0
3302,welcome,2.0
3303,welcomed,2.0
3304,welcomes,2.0
3305,well-being,2.0
3306,well-championed,3.0
3307,well-developed,2.0
3308,well-established,2.0
3309,well-focused,2.0
3310,well-groomed,2.0
3311,well-proportioned,2.0
3312,whimsical,1.0
3313,whitewash,-3.0
3314,whore,-4.0
3315,wicked,-2.0
3316,widowed,-1.0
3317,willingness,2.0
3318,win,4.0
3319,winner,4.0
3320,winning,4.0
3321,wins,4.0
3322,winwin,3.0
3323,wisdom,1.0
3324,wish,1.0
3325,wishes,1.0
3326,wishing,1.0
3327,withdrawal,-3.0
3328,wits,2.0
3329,woebegone,-2.0
3330,woeful,-3.0
3331,won,3.0
3332,wonderful,4.0
3333,wonderfully,4.0
3334,woo,3.0
3335,woohoo,3.0
3336,wooo,4.0
3337,woow,4.0
3338,worn,-1.0
3339,worried,-3.0
3340,worries,-3.0
3341,worry,-3.0
3342,worrying,-3.0
3343,worse,-3.0
3344,worsen,-3.0
3345,worsened,-3.0
3346,worsening,-3.0
3347,worsens,-3.0
3348,worshiped,3.0
3349,worst,-3.0
3350,worth,2.0
3351,worthless,-2.0
3352,worthy,2.0
3353,wow,4.0
3354,wowow,4.0
3355,wowww,4.0
3356,wrathful,-3.0
3357,wreck,-2.0
3358,wrenching,-2.0
3359,wrong,-2.0
3360,wrongdoing,-2.0
3361,wrongdoings,-2.0
3362,wronged,-2.0
3363,wrongful,-2.0
3364,wrongfully,-2.0
3365,wrongly,-2.0
3366,wtf,-4.0
3367,wtff,-4.0
3368,wtfff,-4.0
3369,xo,3.0
3370,xoxo,3.0
3371,xoxoxo,4.0
3372,xoxoxoxo,4.0
3373,yeah,1.0
3374,yearning,1.0
3375,yeees,2.0
3376,yes,1.0
3377,youthful,2.0
3378,yucky,-2.0
3379,yummy,3.0
3380,zealot,-2.0
3381,zealots,-2.0
3382,zealous,2.0
